{"cameraMode":{"drawMode":0,"name":"Shaded","section":"Shading Mode"},"sceneLighting":false,"audioPlay":false,"sceneViewState":{"m_AlwaysRefresh":false,"showFog":true,"showSkybox":false,"showFlares":true,"showImageEffects":true,"showParticleSystems":true,"showVisualEffectGraphs":true,"m_FxEnabled":true},"in2DMode":false,"pivot":{"x":3.0033769607543947,"y":10.468521118164063,"z":-18.809703826904298},"rotation":{"x":-0.6331790685653687,"y":0.04912466183304787,"z":-0.040322836488485339,"w":-0.7713949084281921},"size":12.607059478759766,"orthographic":false}