{"cameraMode":{"drawMode":0,"name":"Shaded","section":"Shading Mode"},"sceneLighting":false,"audioPlay":false,"sceneViewState":{"m_AlwaysRefresh":false,"showFog":true,"showSkybox":false,"showFlares":true,"showImageEffects":true,"showParticleSystems":true,"showVisualEffectGraphs":true,"m_FxEnabled":true},"in2DMode":false,"pivot":{"x":15.394020080566407,"y":0.3954296112060547,"z":14.900613784790039},"rotation":{"x":-0.0015977483708411456,"y":0.9750338792800903,"z":-0.22194015979766847,"w":-0.007019440643489361},"size":3.801297903060913,"orthographic":false}