{"cameraMode":{"drawMode":0,"name":"Shaded","section":"Shading Mode"},"sceneLighting":false,"audioPlay":false,"sceneViewState":{"m_AlwaysRefresh":false,"showFog":true,"showSkybox":false,"showFlares":true,"showImageEffects":true,"showParticleSystems":true,"showVisualEffectGraphs":true,"m_FxEnabled":true},"in2DMode":false,"pivot":{"x":-7.6258649826049809,"y":0.25925254821777346,"z":7.198225021362305},"rotation":{"x":0.06667965650558472,"y":0.9316996932029724,"z":-0.2223910689353943,"w":0.27935078740119936},"size":4.187107563018799,"orthographic":false}