{"cameraMode":{"drawMode":0,"name":"Shaded","section":"Shading Mode"},"sceneLighting":false,"audioPlay":false,"sceneViewState":{"m_AlwaysRefresh":false,"showFog":true,"showSkybox":false,"showFlares":true,"showImageEffects":true,"showParticleSystems":true,"showVisualEffectGraphs":true,"m_FxEnabled":true},"in2DMode":false,"pivot":{"x":3.1942801475524904,"y":-0.37083661556243899,"z":18.38497543334961},"rotation":{"x":0.06967709213495255,"y":0.9293813109397888,"z":-0.2771461606025696,"w":0.23365017771720887},"size":2.203511953353882,"orthographic":false}